"Family","Error","Family.1","AIC","BIC","LogLik","GlobalDev","EDF","Shapiro_p","KS_p","Q_stats.Z1","Q_stats.Z2","Q_stats.Z3","Q_stats.Z4","Q_stats.AgostinoK2","Q_stats.N","Filliben","Converged","Iterations","Family.2","AIC.1","BIC.1","LogLik.1","GlobalDev.1","EDF.1","Shapiro_p.1","KS_p.1","Q_stats.Z1.1","Q_stats.Z2.1","Q_stats.Z3.1","Q_stats.Z4.1","Q_stats.AgostinoK2.1","Q_stats.N.1","Filliben.1","Converged.1","Iterations.1","Family.3","AIC.2","BIC.2","LogLik.2","GlobalDev.2","EDF.2","Shapiro_p.2","KS_p.2","Q_stats.Z1.2","Q_stats.Z2.2","Q_stats.Z3.2","Q_stats.Z4.2","Q_stats.AgostinoK2.2","Q_stats.N.2","Filliben.2","Converged.2","Iterations.2","Family.4","AIC.3","BIC.3","LogLik.3","GlobalDev.3","EDF.3","Shapiro_p.3","KS_p.3","Q_stats.Z1.3","Q_stats.Z2.3","Q_stats.Z3.3","Q_stats.Z4.3","Q_stats.AgostinoK2.3","Q_stats.N.3","Filliben.3","Converged.3","Iterations.3","Family.5","AIC.4","BIC.4","LogLik.4","GlobalDev.4","EDF.4","Shapiro_p.4","KS_p.4","Q_stats.Z1.4","Q_stats.Z2.4","Q_stats.Z3.4","Q_stats.Z4.4","Q_stats.AgostinoK2.4","Q_stats.N.4","Filliben.4","Converged.4","Iterations.4","Family.6","AIC.5","BIC.5","LogLik.5","GlobalDev.5","EDF.5","Shapiro_p.5","KS_p.5","Q_stats.Z1.5","Q_stats.Z2.5","Q_stats.Z3.5","Q_stats.Z4.5","Q_stats.AgostinoK2.5","Q_stats.N.5","Filliben.5","Converged.5","Iterations.5","Family.7","AIC.6","BIC.6","LogLik.6","GlobalDev.6","EDF.6","Shapiro_p.6","KS_p.6","Q_stats.Z1.6","Q_stats.Z2.6","Q_stats.Z3.6","Q_stats.Z4.6","Q_stats.AgostinoK2.6","Q_stats.N.6","Filliben.6","Converged.6","Iterations.6","Family.8","AIC.7","BIC.7","LogLik.7","GlobalDev.7","EDF.7","Shapiro_p.7","KS_p.7","Q_stats.Z1.7","Q_stats.Z2.7","Q_stats.Z3.7","Q_stats.Z4.7","Q_stats.AgostinoK2.7","Q_stats.N.7","Filliben.7","Converged.7","Iterations.7","Family.9","AIC.8","BIC.8","LogLik.8","GlobalDev.8","EDF.8","Shapiro_p.8","KS_p.8","Q_stats.Z1.8","Q_stats.Z2.8","Q_stats.Z3.8","Q_stats.Z4.8","Q_stats.AgostinoK2.8","Q_stats.N.8","Filliben.8","Converged.8","Iterations.8","Family.10","AIC.9","BIC.9","LogLik.9","GlobalDev.9","EDF.9","Shapiro_p.9","KS_p.9","Q_stats.Z1.9","Q_stats.Z2.9","Q_stats.Z3.9","Q_stats.Z4.9","Q_stats.AgostinoK2.9","Q_stats.N.9","Filliben.9","Converged.9","Iterations.9","Family.11","AIC.10","BIC.10","LogLik.10","GlobalDev.10","EDF.10","Shapiro_p.10","KS_p.10","Q_stats.Z1.10","Q_stats.Z2.10","Q_stats.Z3.10","Q_stats.Z4.10","Q_stats.AgostinoK2.10","Q_stats.N.10","Filliben.10","Converged.10","Iterations.10","Family.12","AIC.11","BIC.11","LogLik.11","GlobalDev.11","EDF.11","Shapiro_p.11","KS_p.11","Q_stats.Z1.11","Q_stats.Z2.11","Q_stats.Z3.11","Q_stats.Z4.11","Q_stats.AgostinoK2.11","Q_stats.N.11","Filliben.11","Converged.11","Iterations.11","Family.13","AIC.12","BIC.12","LogLik.12","GlobalDev.12","EDF.12","Shapiro_p.12","KS_p.12","Q_stats.Z1.12","Q_stats.Z2.12","Q_stats.Z3.12","Q_stats.Z4.12","Q_stats.AgostinoK2.12","Q_stats.N.12","Filliben.12","Converged.12","Iterations.12","Family.14","AIC.13","BIC.13","LogLik.13","GlobalDev.13","EDF.13","Shapiro_p.13","KS_p.13","Q_stats.Z1.13","Q_stats.Z2.13","Q_stats.Z3.13","Q_stats.Z4.13","Q_stats.AgostinoK2.13","Q_stats.N.13","Filliben.13","Converged.13","Iterations.13","Family.15","Error.1","Family.16","AIC.14","BIC.14","LogLik.14","GlobalDev.14","EDF.14","Shapiro_p.14","KS_p.14","Q_stats.Z1.14","Q_stats.Z2.14","Q_stats.Z3.14","Q_stats.Z4.14","Q_stats.AgostinoK2.14","Q_stats.N.14","Filliben.14","Converged.14","Iterations.14","Family.17","AIC.15","BIC.15","LogLik.15","GlobalDev.15","EDF.15","Shapiro_p.15","KS_p.15","Q_stats.Z1.15","Q_stats.Z2.15","Q_stats.Z3.15","Q_stats.Z4.15","Q_stats.AgostinoK2.15","Q_stats.N.15","Filliben.15","Converged.15","Iterations.15","Family.18","AIC.16","BIC.16","LogLik.16","GlobalDev.16","EDF.16","Shapiro_p.16","KS_p.16","Q_stats.Z1.16","Q_stats.Z2.16","Q_stats.Z3.16","Q_stats.Z4.16","Q_stats.AgostinoK2.16","Q_stats.N.16","Filliben.16","Converged.16","Iterations.16","Family.19","AIC.17","BIC.17","LogLik.17","GlobalDev.17","EDF.17","Shapiro_p.17","KS_p.17","Q_stats.Z1.17","Q_stats.Z2.17","Q_stats.Z3.17","Q_stats.Z4.17","Q_stats.AgostinoK2.17","Q_stats.N.17","Filliben.17","Converged.17","Iterations.17","Family.20","AIC.18","BIC.18","LogLik.18","GlobalDev.18","EDF.18","Shapiro_p.18","KS_p.18","Q_stats.Z1.18","Q_stats.Z2.18","Q_stats.Z3.18","Q_stats.Z4.18","Q_stats.AgostinoK2.18","Q_stats.N.18","Filliben.18","Converged.18","Iterations.18","Family.21","AIC.19","BIC.19","LogLik.19","GlobalDev.19","EDF.19","Shapiro_p.19","KS_p.19","Q_stats.Z1.19","Q_stats.Z2.19","Q_stats.Z3.19","Q_stats.Z4.19","Q_stats.AgostinoK2.19","Q_stats.N.19","Filliben.19","Converged.19","Iterations.19","Family.22","AIC.20","BIC.20","LogLik.20","GlobalDev.20","EDF.20","Shapiro_p.20","KS_p.20","Q_stats.Z1.20","Q_stats.Z2.20","Q_stats.Z3.20","Q_stats.Z4.20","Q_stats.AgostinoK2.20","Q_stats.N.20","Filliben.20","Converged.20","Iterations.20","Family.23","AIC.21","BIC.21","LogLik.21","GlobalDev.21","EDF.21","Shapiro_p.21","KS_p.21","Q_stats.Z1.21","Q_stats.Z2.21","Q_stats.Z3.21","Q_stats.Z4.21","Q_stats.AgostinoK2.21","Q_stats.N.21","Filliben.21","Converged.21","Iterations.21","Family.24","AIC.22","BIC.22","LogLik.22","GlobalDev.22","EDF.22","Shapiro_p.22","KS_p.22","Q_stats.Z1.22","Q_stats.Z2.22","Q_stats.Z3.22","Q_stats.Z4.22","Q_stats.AgostinoK2.22","Q_stats.N.22","Filliben.22","Converged.22","Iterations.22","Family.25","AIC.23","BIC.23","LogLik.23","GlobalDev.23","EDF.23","Shapiro_p.23","KS_p.23","Q_stats.Z1.23","Q_stats.Z2.23","Q_stats.Z3.23","Q_stats.Z4.23","Q_stats.AgostinoK2.23","Q_stats.N.23","Filliben.23","Converged.23","Iterations.23"
"BCCG","mu must be positive 
 ","ZIBNB",2841.92921198981,2864.39200922439,-1414.96332945105,2829.9266589021,6.00127654385481,0.559876243426592,0.593718376315065,-0.482834317792609,1.61188918315362,1.4378091336574,0.620529174038288,2.45235156066128,31,0.997994578580057,TRUE,13,"LNO",2837.19709764731,2856.43187298276,-1413.45968722768,2826.91937445536,5.1388615959748,0.988967057379655,0.950884992260733,-0.395886208883022,1.73185642227772,1.18484132009541,0.502900321197827,1.6567576868663,31,0.999277702492013,TRUE,5,"NOF",2928.31856173214,2963.56427825659,-1454.74285380043,2909.48570760087,9.41642706563525,8.28589162765097e-12,0.0140820893777617,0.00986270611520803,2.38379105754349,3.29217909261224,2.30218560831842,16.1385017529816,31,0.958705188398935,FALSE,20,"BCPE",2843.60947881879,2885.37015972026,-1410.64774092286,2821.29548184573,11.1569984865306,0.996998232493233,0.999775297223669,-0.501913574234947,1.61453068747447,0.930798925091765,0.407768508986451,1.03266179587302,31,0.99944881264805,TRUE,10,"NET",2893.43754046093,2927.16304148871,-1437.70849176273,2875.41698352546,9.01027846773436,1.50745541759836e-06,0.160070709096634,0.0305246006333299,0.681766164005199,1.86409715643489,0.137501765661437,3.49376494418867,31,0.983897175146905,TRUE,6,"BNB",2839.92921198981,2858.64900603658,-1414.96332945105,2829.9266589021,5.00127654385481,0.51162545829833,0.735551866102975,-0.545322868282619,1.65717542077793,1.46185586185069,0.594937553138137,2.49097325296122,31,0.997885860361277,TRUE,13,"BCT",2843.73685604478,2885.40270244886,-1410.73676600838,2821.47353201675,11.1316620140148,0.996100726959398,0.997653869926807,-0.507534690070432,1.6325008866769,0.938249358404299,0.423493379979032,1.05965850143214,31,0.999425746148709,TRUE,13,"GB2",2845.27191119264,2869.93691005262,-1416.04632752966,2832.09265505932,6.58962806665776,0.677468028866157,0.965807816571377,-0.440718610643976,1.42886274832676,0.878075099856314,-0.0407189454774499,0.772673913508472,31,0.998458479663657,FALSE,20,"GG",2839.20741617799,2861.41356874011,-1413.670998057,2827.34199611399,5.93271003199928,0.993442187935184,0.91778085921527,-0.404086799556349,1.72695389941543,1.16929948709314,0.48485650959573,1.60234712541363,31,0.9993406847982,TRUE,13,"GT",2892.11531555805,2932.05150615172,-1435.38809951529,2870.77619903058,10.6695582637334,5.46223359613779e-07,0.279626989705258,0.000800437480781647,1.26239497692507,2.24000021041117,0.713647837675845,5.52689417886148,31,0.982161632893829,FALSE,20,"JSU",2847.83562587832,2889.06972160616,-1412.90149965839,2825.80299931678,11.0163132807706,0.985538895170243,0.997635490371275,-0.672589899082887,1.30727545142999,0.597799394531585,0.0915242948091028,0.365740812642634,31,0.998981576561213,FALSE,20,"SEP1",2852.76055823117,2893.79885252671,-1415.41627715342,2830.83255430684,10.9640019621653,0.416620563710005,0.979227603624171,-0.58853530788329,1.48455529095601,0.99690635991743,0.130930873639983,1.01096518411595,31,0.997369751843728,FALSE,20,"SEP2",2858.52419491384,2901.63581559428,-1417.74417494463,2835.48834988926,11.5179225122888,0.0694541771564253,0.751965896790996,-0.49483935487478,1.29610925139011,1.2231036601742,0.128411513394992,1.51247208030392,31,0.995712523395155,FALSE,20,"SEP3",2850.76007454196,2902.00736993369,-1411.68854602175,2823.3770920435,13.6914912492283,0.582341130920304,0.833352838635561,-0.777940850071591,1.59333210737342,1.20457326664051,0.504097227056139,1.70511076903068,31,0.997656409209772,FALSE,20,"SEP4","NA's in the working vector or weights for parameter sigma
","SHASH",2852.01360569511,2893.9926358847,-1414.79146904119,2829.58293808237,11.2153338063689,0.604767641777055,0.860803188641533,-0.506282524677639,1.33497958288998,0.550235031651278,0.0077407293541365,0.302818508947217,31,0.997749144158142,FALSE,20,"SHASHo",2852.43893354316,2894.1807736308,-1415.06750189387,2830.13500378773,11.151964877717,0.408180828130605,0.950136691585632,-0.534847201852523,1.3858784089738,0.65735215794037,0.172750935340998,0.461954745210051,31,0.997162511851637,FALSE,20,"ST1",2853.99108544515,2894.60877085848,-1416.1439127946,2832.28782558921,10.8516299279723,0.274204634431293,0.663228499262003,-0.602806725443593,1.27792503809127,0.834008494267914,-0.238454330407467,0.752430636201107,31,0.997309642512044,FALSE,20,"ST2",2848.99424406375,2889.01796440867,-1413.80417886921,2827.60835773842,10.6929431626653,0.893995408107418,0.982853179616271,-0.658983798526106,1.42667065438756,0.700279256439687,-0.0777721599514796,0.49643954586324,31,0.998754219611,FALSE,20,"ST3",2917.70290532805,2948.55355983606,-1450.60923299174,2901.21846598348,8.24221967228821,0.0513300375055095,0.0888194333180929,0.263928247451849,0.698867941288676,1.04428376648526,0.668076351497825,1.53685459637528,31,0.995294692135623,FALSE,20,"ST4",2864.46132201234,2905.84250831749,-1421.17505024957,2842.35010049913,11.0556107566046,0.0105974867228004,0.453772251477293,-0.486886386073674,0.950105222129319,1.03850240555888,-0.306864267144951,1.17265292480198,31,0.994304841574467,TRUE,9,"ST5",2852.64596242569,2892.5201051691,-1415.6699999722,2831.33999994439,10.6529812406474,0.393764852750841,0.725714399932805,-0.730378189533371,1.01314005244634,0.606287528514766,-0.338386048959366,0.482089685362874,31,0.99768603514236,FALSE,20,"TF",2893.24965191069,2930.98940384008,-1436.54207955206,2873.08415910411,10.0827464032896,6.68906051377027e-07,0.150701159753647,0.197859601039676,1.17392491280199,2.21214256410334,0.69450854303511,5.37591684026647,31,0.982385298873041,TRUE,12,"PE",2901.59100106066,2941.81447027621,-1440.04919143112,2880.09838286224,10.7463090992137,3.79256910409089e-07,0.0646086814916978,0.51635958986426,1.16556821046726,2.23461518055491,0.864880053057352,5.74152251134295,31,0.981137177530117,FALSE,20,"PE2",2901.52197875356,2942.29238074277,-1439.86855890223,2879.73711780447,10.8924304745437,3.25173703435327e-07,0.0671506586197301,0.515055011107061,1.16696597613838,2.26523794978901,0.914646490047664,5.96788117092085,31,0.980862187384025,FALSE,20
"BCCG","mu must be positive 
 ","ZIBNB",2841.92921198981,2864.39200922439,-1414.96332945105,2829.9266589021,6.00127654385481,0.559876243426592,0.593718376315065,1.4610941871849,-0.201776337616365,-0.502691982151833,0.202318226919831,0.293631893863723,31,0.997994578580057,TRUE,13,"LNO",2837.19709764731,2856.43187298276,-1413.45968722768,2826.91937445536,5.1388615959748,0.988967057379655,0.950884992260733,1.62310089358123,-0.249694355185177,-0.639313575124303,0.255352454976591,0.47392672360079,31,0.999277702492013,TRUE,5,"NOF",2928.31856173214,2963.56427825659,-1454.74285380043,2909.48570760087,9.41642706563525,8.28589162765097e-12,0.0140820893777617,1.5885672572197,0.0084136453850584,1.94247220772968,1.24899074631364,5.33317616217931,31,0.958705188398935,FALSE,20,"BCPE",2843.60947881879,2885.37015972026,-1410.64774092286,2821.29548184573,11.1569984865306,0.996998232493233,0.999775297223669,1.60446121759286,-0.418873218366507,-0.591164248247733,0.354820051664558,0.475372437469547,31,0.99944881264805,TRUE,10,"NET",2893.43754046093,2927.16304148871,-1437.70849176273,2875.41698352546,9.01027846773436,1.50745541759836e-06,0.160070709096634,2.06690370621203,-0.305927680722551,0.192582257315788,-1.44235731739724,2.11748255688222,31,0.983897175146905,TRUE,6,"BNB",2839.92921198981,2858.64900603658,-1414.96332945105,2829.9266589021,5.00127654385481,0.51162545829833,0.735551866102975,1.47570988442454,-0.255360039945729,-0.462382853230563,0.186977961652887,0.248758661105505,31,0.997885860361277,TRUE,13,"BCT",2843.73685604478,2885.40270244886,-1410.73676600838,2821.47353201675,11.1316620140148,0.996100726959398,0.997653869926807,1.59218492917694,-0.407516965500872,-0.576537216767198,0.388376227795764,0.483231256634535,31,0.999425746148709,TRUE,13,"GB2",2845.27191119264,2869.93691005262,-1416.04632752966,2832.09265505932,6.58962806665776,0.677468028866157,0.965807816571377,1.64086613460726,-0.317533809441605,-0.762771194549339,-0.296309050423828,0.669618948597295,31,0.998458479663657,FALSE,20,"GG",2839.20741617799,2861.41356874011,-1413.670998057,2827.34199611399,5.93271003199928,0.993442187935184,0.91778085921527,1.63496652307835,-0.254258127469105,-0.654944267368755,0.245801571468385,0.489370405895523,31,0.9993406847982,TRUE,13,"GT",2892.11531555805,2932.05150615172,-1435.38809951529,2870.77619903058,10.6695582637334,5.46223359613779e-07,0.279626989705258,1.95908266474229,-0.00133581899601621,0.650820981279296,-0.688211655580313,0.89720323254994,31,0.982161632893829,FALSE,20,"JSU",2847.83562587832,2889.06972160616,-1412.90149965839,2825.80299931678,11.0163132807706,0.985538895170243,0.997635490371275,1.55797297690209,-0.448926480462736,-0.862489183891919,0.0959408148618226,0.753092232286899,31,0.998981576561213,FALSE,20,"SEP1",2852.76055823117,2893.79885252671,-1415.41627715342,2830.83255430684,10.9640019621653,0.416620563710005,0.979227603624171,1.59211801746193,-0.336128570239339,-0.643550605513374,-0.116853126857933,0.427812035113107,31,0.997369751843728,FALSE,20,"SEP2",2858.52419491384,2901.63581559428,-1417.74417494463,2835.48834988926,11.5179225122888,0.0694541771564253,0.751965896790996,1.63565954038578,-0.448038597300361,-0.351516588602476,-0.518751398686741,0.392666925702172,31,0.995712523395155,FALSE,20,"SEP3",2850.76007454196,2902.00736993369,-1411.68854602175,2823.3770920435,13.6914912492283,0.582341130920304,0.833352838635561,1.37762231635439,-0.120686751645399,-0.333022489479839,0.606300978522213,0.478504855056343,31,0.997656409209772,FALSE,20,"SEP4","NA's in the working vector or weights for parameter sigma
","SHASH",2852.01360569511,2893.9926358847,-1414.79146904119,2829.58293808237,11.2153338063689,0.604767641777055,0.860803188641533,1.73795400894292,-0.466280229221305,-0.892502000808302,-0.129063873956734,0.813217305007543,31,0.997749144158142,FALSE,20,"SHASHo",2852.43893354316,2894.1807736308,-1415.06750189387,2830.13500378773,11.151964877717,0.408180828130605,0.950136691585632,1.63107826351065,-0.574543615698362,-0.863161804870287,0.114816355733459,0.758231096930843,31,0.997162511851637,FALSE,20,"ST1",2853.99108544515,2894.60877085848,-1416.1439127946,2832.28782558921,10.8516299279723,0.274204634431293,0.663228499262003,1.66987481925237,-0.240340132290819,-0.684649823249154,-0.534094748937889,0.754002581318124,31,0.997309642512044,FALSE,20,"ST2",2848.99424406375,2889.01796440867,-1413.80417886921,2827.60835773842,10.6929431626653,0.893995408107418,0.982853179616271,1.6071076652683,-0.257825078147816,-0.820890303473179,-0.0710966208751053,0.678915619836146,31,0.998754219611,FALSE,20,"ST3",2917.70290532805,2948.55355983606,-1450.60923299174,2901.21846598348,8.24221967228821,0.0513300375055095,0.0888194333180929,1.50690250081125,-0.299224595778205,-1.31560439592755,1.45293976814438,3.84184889643933,31,0.995294692135623,FALSE,20,"ST4",2864.46132201234,2905.84250831749,-1421.17505024957,2842.35010049913,11.0556107566046,0.0105974867228004,0.453772251477293,1.76299065955044,-0.290274764529375,-0.481027643312123,-1.1110502315724,1.4658202107075,31,0.994304841574467,TRUE,9,"ST5",2852.64596242569,2892.5201051691,-1415.6699999722,2831.33999994439,10.6529812406474,0.393764852750841,0.725714399932805,1.51276546982035,-0.47297252890363,-0.869173064359111,-0.40654905407282,0.920743949174912,31,0.99768603514236,FALSE,20,"TF",2893.24965191069,2930.98940384008,-1436.54207955206,2873.08415910411,10.0827464032896,6.68906051377027e-07,0.150701159753647,2.15326141083507,-0.0986076790999812,0.560778712347782,-0.846902693118856,1.03171693583441,31,0.982385298873041,TRUE,12,"PE",2901.59100106066,2941.81447027621,-1440.04919143112,2880.09838286224,10.7463090992137,3.79256910409089e-07,0.0646086814916978,2.3720383014517,-0.328273408761075,0.570833751183193,-0.694795790619469,0.808592362152409,31,0.981137177530117,FALSE,20,"PE2",2901.52197875356,2942.29238074277,-1439.86855890223,2879.73711780447,10.8924304745437,3.25173703435327e-07,0.0671506586197301,2.35302977635198,-0.348537086998868,0.618865308311883,-0.625199520480758,0.773868710241332,31,0.980862187384025,FALSE,20
"BCCG","mu must be positive 
 ","ZIBNB",2841.92921198981,2864.39200922439,-1414.96332945105,2829.9266589021,6.00127654385481,0.559876243426592,0.593718376315065,-0.231740728258165,-1.08294266160796,0.0720046326120245,-0.455405726035424,0.212579042423444,32,0.997994578580057,TRUE,13,"LNO",2837.19709764731,2856.43187298276,-1413.45968722768,2826.91937445536,5.1388615959748,0.988967057379655,0.950884992260733,-0.105017833294917,-1.19872585156921,-0.145398305421034,-0.538513466798361,0.311137421142498,32,0.999277702492013,TRUE,5,"NOF",2928.31856173214,2963.56427825659,-1454.74285380043,2909.48570760087,9.41642706563525,8.28589162765097e-12,0.0140820893777617,-0.189987413533898,-1.61019411286233,1.6997500867555,-0.206242446045748,2.93168630397626,32,0.958705188398935,FALSE,20,"BCPE",2843.60947881879,2885.37015972026,-1410.64774092286,2821.29548184573,11.1569984865306,0.996998232493233,0.999775297223669,-0.0373726717941598,-0.967299428791367,-0.0473563909332016,0.205290144664923,0.0443866712587631,32,0.99944881264805,TRUE,10,"NET",2893.43754046093,2927.16304148871,-1437.70849176273,2875.41698352546,9.01027846773436,1.50745541759836e-06,0.160070709096634,0.352928266193029,-0.947788702721869,1.2510979731733,-0.503305609976474,1.81856267551214,32,0.983897175146905,TRUE,6,"BNB",2839.92921198981,2858.64900603658,-1414.96332945105,2829.9266589021,5.00127654385481,0.51162545829833,0.735551866102975,-0.230907198904873,-1.08775179975807,0.183676018309161,-0.631565396079956,0.432611729227538,32,0.997885860361277,TRUE,13,"BCT",2843.73685604478,2885.40270244886,-1410.73676600838,2821.47353201675,11.1316620140148,0.996100726959398,0.997653869926807,-0.0446556480200213,-0.978580695996049,-0.0306647335528611,0.22798974648197,0.0529196503847808,32,0.999425746148709,TRUE,13,"GB2",2845.27191119264,2869.93691005262,-1416.04632752966,2832.09265505932,6.58962806665776,0.677468028866157,0.965807816571377,-0.0127953646314372,-0.94304944887405,0.0110042711940698,-1.16654544528312,1.36094936989531,32,0.998458479663657,FALSE,20,"GG",2839.20741617799,2861.41356874011,-1413.670998057,2827.34199611399,5.93271003199928,0.993442187935184,0.91778085921527,-0.13364542610665,-1.21865565080418,-0.196455859062188,-0.494390216499689,0.283016590730472,32,0.9993406847982,TRUE,13,"GT",2892.11531555805,2932.05150615172,-1435.38809951529,2870.77619903058,10.6695582637334,5.46223359613779e-07,0.279626989705258,0.208720984859466,-0.796319977133288,1.5532270966678,0.0408321306136519,2.41418167671354,32,0.982161632893829,FALSE,20,"JSU",2847.83562587832,2889.06972160616,-1412.90149965839,2825.80299931678,11.0163132807706,0.985538895170243,0.997635490371275,-0.0111654635291723,-0.799092847202905,-0.104463475156835,0.0249983058826672,0.011537532938846,32,0.998981576561213,FALSE,20,"SEP1",2852.76055823117,2893.79885252671,-1415.41627715342,2830.83255430684,10.9640019621653,0.416620563710005,0.979227603624171,-0.128557208703286,-0.731796615093992,-0.00560219869989272,-0.403883288416739,0.163153095292592,32,0.997369751843728,FALSE,20,"SEP2",2858.52419491384,2901.63581559428,-1417.74417494463,2835.48834988926,11.5179225122888,0.0694541771564253,0.751965896790996,-0.280972212633031,-0.609803715187204,-0.127188732263155,-0.471939600793843,0.238903960412161,32,0.995712523395155,FALSE,20,"SEP3",2850.76007454196,2902.00736993369,-1411.68854602175,2823.3770920435,13.6914912492283,0.582341130920304,0.833352838635561,-0.251655829682731,-1.13859649118378,0.0782379886529211,-0.159104083200505,0.0314352921595277,32,0.997656409209772,FALSE,20,"SEP4","NA's in the working vector or weights for parameter sigma
","SHASH",2852.01360569511,2893.9926358847,-1414.79146904119,2829.58293808237,11.2153338063689,0.604767641777055,0.860803188641533,0.0624556306918761,-0.634437966730871,-0.31515670290297,-0.25850657275706,0.166149395543272,32,0.997749144158142,FALSE,20,"SHASHo",2852.43893354316,2894.1807736308,-1415.06750189387,2830.13500378773,11.151964877717,0.408180828130605,0.950136691585632,-0.0326899255489228,-0.781656387893494,-0.384645588435823,-0.216869640568199,0.194984669703321,32,0.997162511851637,FALSE,20,"ST1",2853.99108544515,2894.60877085848,-1416.1439127946,2832.28782558921,10.8516299279723,0.274204634431293,0.663228499262003,-0.0477921253221339,-0.514934448490233,0.103019075415009,-0.497270487276838,0.257890867415908,32,0.997309642512044,FALSE,20,"ST2",2848.99424406375,2889.01796440867,-1413.80417886921,2827.60835773842,10.6929431626653,0.893995408107418,0.982853179616271,-0.0244572738657822,-0.600343856239651,0.0168674034166105,-0.230206702877005,0.0532796353475203,32,0.998754219611,FALSE,20,"ST3",2917.70290532805,2948.55355983606,-1450.60923299174,2901.21846598348,8.24221967228821,0.0513300375055095,0.0888194333180929,0.185239166816529,-1.05710292471067,-2.20880746660193,1.69997629927335,7.76874984260755,32,0.995294692135623,FALSE,20,"ST4",2864.46132201234,2905.84250831749,-1421.17505024957,2842.35010049913,11.0556107566046,0.0105974867228004,0.453772251477293,0.0353414892660961,-0.667122657785244,0.425724166767548,-0.712441193895921,0.688813520929768,32,0.994304841574467,TRUE,9,"ST5",2852.64596242569,2892.5201051691,-1415.6699999722,2831.33999994439,10.6529812406474,0.393764852750841,0.725714399932805,-0.10357868031374,-0.704203913974509,-0.0319827737196798,-0.433784027127264,0.189191480005551,32,0.99768603514236,FALSE,20,"TF",2893.24965191069,2930.98940384008,-1436.54207955206,2873.08415910411,10.0827464032896,6.68906051377027e-07,0.150701159753647,0.363118273084784,-0.845597260082625,1.38017759790225,-0.277294498090527,1.98178244042249,32,0.982385298873041,TRUE,12,"PE",2901.59100106066,2941.81447027621,-1440.04919143112,2880.09838286224,10.7463090992137,3.79256910409089e-07,0.0646086814916978,0.518041182868092,-0.972949204614363,1.07379100756293,-0.649194546422946,1.5744806870283,32,0.981137177530117,FALSE,20,"PE2",2901.52197875356,2942.29238074277,-1439.86855890223,2879.73711780447,10.8924304745437,3.25173703435327e-07,0.0671506586197301,0.490755590776022,-1.01826011838707,1.08221361103931,-0.622446932337295,1.55862648349484,32,0.980862187384025,FALSE,20
"BCCG","mu must be positive 
 ","ZIBNB",2841.92921198981,2864.39200922439,-1414.96332945105,2829.9266589021,6.00127654385481,0.559876243426592,0.593718376315065,0.0206975162704101,1.51265693552673,1.36615375867716,1.19400964170238,3.29203511682597,31,0.997994578580057,TRUE,13,"LNO",2837.19709764731,2856.43187298276,-1413.45968722768,2826.91937445536,5.1388615959748,0.988967057379655,0.950884992260733,0.149153561509926,1.27063774854748,0.813440228493787,1.00440030674174,1.67050498151493,31,0.999277702492013,TRUE,5,"NOF",2928.31856173214,2963.56427825659,-1454.74285380043,2909.48570760087,9.41642706563525,8.28589162765097e-12,0.0140820893777617,0.739227065758332,2.8334153247844,3.95164042695076,3.32186757691011,26.6502662624382,31,0.958705188398935,FALSE,20,"BCPE",2843.60947881879,2885.37015972026,-1410.64774092286,2821.29548184573,11.1569984865306,0.996998232493233,0.999775297223669,0.0483275364108374,1.38226716775818,0.466927291452889,1.09863816984887,1.42502692375242,31,0.99944881264805,TRUE,10,"NET",2893.43754046093,2927.16304148871,-1437.70849176273,2875.41698352546,9.01027846773436,1.50745541759836e-06,0.160070709096634,0.543179002969028,0.834244773174652,1.78266348921728,0.240659689677895,3.23580620202418,31,0.983897175146905,TRUE,6,"BNB",2839.92921198981,2858.64900603658,-1414.96332945105,2829.9266589021,5.00127654385481,0.51162545829833,0.735551866102975,0.0532807256052999,1.51162220103599,1.37756625289456,1.20677727094287,3.35400016277828,31,0.997885860361277,TRUE,13,"BCT",2843.73685604478,2885.40270244886,-1410.73676600838,2821.47353201675,11.1316620140148,0.996100726959398,0.997653869926807,0.0490954807520916,1.38345431379054,0.473670590716866,1.10971045802282,1.45582112915529,31,0.999425746148709,TRUE,13,"GB2",2845.27191119264,2869.93691005262,-1416.04632752966,2832.09265505932,6.58962806665776,0.677468028866157,0.965807816571377,0.130598297210484,0.908023808215487,0.589852412053775,0.475316265108818,0.573851419882653,31,0.998458479663657,FALSE,20,"GG",2839.20741617799,2861.41356874011,-1413.670998057,2827.34199611399,5.93271003199928,0.993442187935184,0.91778085921527,0.134129244966516,1.25052977738437,0.768960625410052,0.967611970267878,1.5275733684367,31,0.9993406847982,TRUE,13,"GT",2892.11531555805,2932.05150615172,-1435.38809951529,2870.77619903058,10.6695582637334,5.46223359613779e-07,0.279626989705258,0.545194399523722,1.47671569685092,2.23853643516289,1.029670652417,6.07126702400064,31,0.982161632893829,FALSE,20,"JSU",2847.83562587832,2889.06972160616,-1412.90149965839,2825.80299931678,11.0163132807706,0.985538895170243,0.997635490371275,0.0388950276789563,1.73746402420881,0.934829919430482,1.42062185490469,2.89207343289525,31,0.998981576561213,FALSE,20,"SEP1",2852.76055823117,2893.79885252671,-1415.41627715342,2830.83255430684,10.9640019621653,0.416620563710005,0.979227603624171,0.154944673162694,1.97111692724403,1.75868944500625,1.70898159051039,6.01360664067982,31,0.997369751843728,FALSE,20,"SEP2",2858.52419491384,2901.63581559428,-1417.74417494463,2835.48834988926,11.5179225122888,0.0694541771564253,0.751965896790996,0.136807126041658,1.82429484833189,1.94212775779104,1.57493304497399,6.2522743237335,31,0.995712523395155,FALSE,20,"SEP3",2850.76007454196,2902.00736993369,-1411.68854602175,2823.3770920435,13.6914912492283,0.582341130920304,0.833352838635561,0.0603665852606105,2.04592486280946,1.79990826672121,1.94893621415201,7.0380221354445,31,0.997656409209772,FALSE,20,"SEP4","NA's in the working vector or weights for parameter sigma
","SHASH",2852.01360569511,2893.9926358847,-1414.79146904119,2829.58293808237,11.2153338063689,0.604767641777055,0.860803188641533,0.195961475708113,1.95106225676292,1.25498313110174,1.61358994149084,4.17865515863033,31,0.997749144158142,FALSE,20,"SHASHo",2852.43893354316,2894.1807736308,-1415.06750189387,2830.13500378773,11.151964877717,0.408180828130605,0.950136691585632,0.193619625272383,2.03648455351939,1.65257758542121,1.92835262444379,6.44955652003583,31,0.997162511851637,FALSE,20,"ST1",2853.99108544515,2894.60877085848,-1416.1439127946,2832.28782558921,10.8516299279723,0.274204634431293,0.663228499262003,0.0280939409104144,1.49362413009554,1.00256173566008,0.722359796098656,1.52693370882944,31,0.997309642512044,FALSE,20,"ST2",2848.99424406375,2889.01796440867,-1413.80417886921,2827.60835773842,10.6929431626653,0.893995408107418,0.982853179616271,0.0597352023753486,1.66084570386151,1.00756351979577,1.10283535487675,2.23143006638938,31,0.998754219611,FALSE,20,"ST3",2917.70290532805,2948.55355983606,-1450.60923299174,2901.21846598348,8.24221967228821,0.0513300375055095,0.0888194333180929,0.301246664173784,1.68457391619387,1.17202344182302,1.56562301684393,3.82481437905417,31,0.995294692135623,FALSE,20,"ST4",2864.46132201234,2905.84250831749,-1421.17505024957,2842.35010049913,11.0556107566046,0.0105974867228004,0.453772251477293,0.0715816070024659,1.16767331182822,0.954015819326469,0.308509658255515,1.00532439276209,31,0.994304841574467,TRUE,9,"ST5",2852.64596242569,2892.5201051691,-1415.6699999722,2831.33999994439,10.6529812406474,0.393764852750841,0.725714399932805,-0.0944576485275632,1.215005599472,0.696688606514685,0.690678118144775,0.962411277331381,31,0.99768603514236,FALSE,20,"TF",2893.24965191069,2930.98940384008,-1436.54207955206,2873.08415910411,10.0827464032896,6.68906051377027e-07,0.150701159753647,0.739100919806621,1.49572323639384,2.33931850461221,1.20333852765766,6.9204346781664,31,0.982385298873041,TRUE,12,"PE",2901.59100106066,2941.81447027621,-1440.04919143112,2880.09838286224,10.7463090992137,3.79256910409089e-07,0.0646086814916978,0.99515557180888,1.90940716809035,2.86334705894311,2.06319612638615,12.455534635893,31,0.981137177530117,FALSE,20,"PE2",2901.52197875356,2942.29238074277,-1439.86855890223,2879.73711780447,10.8924304745437,3.25173703435327e-07,0.0671506586197301,0.984975562608303,1.94859354032032,2.91459333724633,2.13118452098015,13.0368017839861,31,0.980862187384025,FALSE,20
"BCCG","mu must be positive 
 ","ZIBNB",2841.92921198981,2864.39200922439,-1414.96332945105,2829.9266589021,6.00127654385481,0.559876243426592,0.593718376315065,-0.276274044999302,-0.654031434686106,0.207157514229162,-0.862089774911512,0.786113015708586,31,0.997994578580057,TRUE,13,"LNO",2837.19709764731,2856.43187298276,-1413.45968722768,2826.91937445536,5.1388615959748,0.988967057379655,0.950884992260733,-0.103285883384825,-0.716035465695651,0.0952360290438154,-0.904769308682009,0.827677403160955,31,0.999277702492013,TRUE,5,"NOF",2928.31856173214,2963.56427825659,-1454.74285380043,2909.48570760087,9.41642706563525,8.28589162765097e-12,0.0140820893777617,-0.467783407353704,-1.03613840292814,1.73652245439562,0.240819356332417,3.07350419700456,31,0.958705188398935,FALSE,20,"BCPE",2843.60947881879,2885.37015972026,-1410.64774092286,2821.29548184573,11.1569984865306,0.996998232493233,0.999775297223669,-0.106268489843971,-0.582284061351232,0.3188363752235,-0.622402471464458,0.489041470650726,31,0.99944881264805,TRUE,10,"NET",2893.43754046093,2927.16304148871,-1437.70849176273,2875.41698352546,9.01027846773436,1.50745541759836e-06,0.160070709096634,0.377183229219028,-0.506528154125879,1.23855777530796,-1.16333859319659,2.88738204519641,31,0.983897175146905,TRUE,6,"BNB",2839.92921198981,2858.64900603658,-1414.96332945105,2829.9266589021,5.00127654385481,0.51162545829833,0.735551866102975,-0.27296913759242,-0.653038308126593,0.246328587960389,-0.99574455438789,1.0521849908397,31,0.997885860361277,TRUE,13,"BCT",2843.73685604478,2885.40270244886,-1410.73676600838,2821.47353201675,11.1316620140148,0.996100726959398,0.997653869926807,-0.109449743629827,-0.58460133887699,0.321247545871973,-0.559526967098949,0.416270412639714,31,0.999425746148709,TRUE,13,"GB2",2845.27191119264,2869.93691005262,-1416.04632752966,2832.09265505932,6.58962806665776,0.677468028866157,0.965807816571377,-0.0840519791978412,-0.52747611867123,0.230495522694334,-1.17952634586332,1.4444105865678,31,0.998458479663657,FALSE,20,"GG",2839.20741617799,2861.41356874011,-1413.670998057,2827.34199611399,5.93271003199928,0.993442187935184,0.91778085921527,-0.0889120751781542,-0.72436874820947,0.0468990797967177,-0.967266394140864,0.937803800920049,31,0.9993406847982,TRUE,13,"GT",2892.11531555805,2932.05150615172,-1435.38809951529,2870.77619903058,10.6695582637334,5.46223359613779e-07,0.279626989705258,0.245405332949336,-0.345495934539587,1.48537837727981,-0.549742576052689,2.50856582361544,31,0.982161632893829,FALSE,20,"JSU",2847.83562587832,2889.06972160616,-1412.90149965839,2825.80299931678,11.0163132807706,0.985538895170243,0.997635490371275,-0.102556986640105,-0.658575545166126,0.0554211600943081,-0.763168299712287,0.585497358671943,31,0.998981576561213,FALSE,20,"SEP1",2852.76055823117,2893.79885252671,-1415.41627715342,2830.83255430684,10.9640019621653,0.416620563710005,0.979227603624171,-0.0972449290997416,-0.473720421255907,0.082706370161202,-0.955673013765126,0.920151252904161,31,0.997369751843728,FALSE,20,"SEP2",2858.52419491384,2901.63581559428,-1417.74417494463,2835.48834988926,11.5179225122888,0.0694541771564253,0.751965896790996,-0.123763998750359,-0.408419497374785,0.226487733659042,-1.51026697542612,2.33220303056077,31,0.995712523395155,FALSE,20,"SEP3",2850.76007454196,2902.00736993369,-1411.68854602175,2823.3770920435,13.6914912492283,0.582341130920304,0.833352838635561,-0.304010133332873,-0.864669731292117,-0.0794089331410522,-0.50591534754312,0.262256117542276,31,0.997656409209772,FALSE,20,"SEP4","NA's in the working vector or weights for parameter sigma
","SHASH",2852.01360569511,2893.9926358847,-1414.79146904119,2829.58293808237,11.2153338063689,0.604767641777055,0.860803188641533,0.00195592926365272,-0.516943623435238,-0.0256382887285486,-1.12951876782343,1.27646996871429,31,0.997749144158142,FALSE,20,"SHASHo",2852.43893354316,2894.1807736308,-1415.06750189387,2830.13500378773,11.151964877717,0.408180828130605,0.950136691585632,-0.0672264365559718,-0.612756134614571,-0.165306124679029,-0.942076323098473,0.914833913399138,31,0.997162511851637,FALSE,20,"ST1",2853.99108544515,2894.60877085848,-1416.1439127946,2832.28782558921,10.8516299279723,0.274204634431293,0.663228499262003,-0.0936520806997473,-0.339493233903534,0.280470089985127,-1.21708150935103,1.55995087178045,31,0.997309642512044,FALSE,20,"ST2",2848.99424406375,2889.01796440867,-1413.80417886921,2827.60835773842,10.6929431626653,0.893995408107418,0.982853179616271,-0.108907646352561,-0.439963683606716,0.0806271020913917,-0.83082794061369,0.696775796496041,31,0.998754219611,FALSE,20,"ST3",2917.70290532805,2948.55355983606,-1450.60923299174,2901.21846598348,8.24221967228821,0.0513300375055095,0.0888194333180929,0.311531058534543,-1.46688009280487,-1.11858552708742,0.989629908151905,2.23060093651818,31,0.995294692135623,FALSE,20,"ST4",2864.46132201234,2905.84250831749,-1421.17505024957,2842.35010049913,11.0556107566046,0.0105974867228004,0.453772251477293,0.00434818596491606,-0.406605012070825,0.623444625751296,-1.47886523250641,2.5757255772944,31,0.994304841574467,TRUE,9,"ST5",2852.64596242569,2892.5201051691,-1415.6699999722,2831.33999994439,10.6529812406474,0.393764852750841,0.725714399932805,-0.185218329028423,-0.591518553591221,0.164667822135312,-1.16329034303791,1.38035991385204,31,0.99768603514236,FALSE,20,"TF",2893.24965191069,2930.98940384008,-1436.54207955206,2873.08415910411,10.0827464032896,6.68906051377027e-07,0.150701159753647,0.377453963548427,-0.403142149735036,1.37874694547621,-0.859673432715074,2.63998155057609,31,0.982385298873041,TRUE,12,"PE",2901.59100106066,2941.81447027621,-1440.04919143112,2880.09838286224,10.7463090992137,3.79256910409089e-07,0.0646086814916978,0.52588631652645,-0.515698845929668,1.21088721968784,-1.35054653821999,3.29022381070135,31,0.981137177530117,FALSE,20,"PE2",2901.52197875356,2942.29238074277,-1439.86855890223,2879.73711780447,10.8924304745437,3.25173703435327e-07,0.0671506586197301,0.526648875689572,-0.542653542585941,1.22608354266612,-1.27160385279546,3.12025721204096,31,0.980862187384025,FALSE,20
"BCCG","mu must be positive 
 ","ZIBNB",2841.92921198981,2864.39200922439,-1414.96332945105,2829.9266589021,6.00127654385481,0.559876243426592,0.593718376315065,-1.23642461246847,0.602526047053683,0.693883949434224,-0.177255517405727,0.51289445373321,31,0.997994578580057,TRUE,13,"LNO",2837.19709764731,2856.43187298276,-1413.45968722768,2826.91937445536,5.1388615959748,0.988967057379655,0.950884992260733,-1.17750834571168,0.970190353446532,-0.111014936420404,0.275801846718807,0.0883909747619306,31,0.999277702492013,TRUE,5,"NOF",2928.31856173214,2963.56427825659,-1454.74285380043,2909.48570760087,9.41642706563525,8.28589162765097e-12,0.0140820893777617,-0.800359379759234,-0.0746735839861882,2.28803668637028,0.729787284966491,5.76770135947505,31,0.958705188398935,FALSE,20,"BCPE",2843.60947881879,2885.37015972026,-1410.64774092286,2821.29548184573,11.1569984865306,0.996998232493233,0.999775297223669,-1.13538654505212,0.906820829182992,-0.159815793525062,-0.222807946629251,0.0751844689411886,31,0.99944881264805,TRUE,10,"NET",2893.43754046093,2927.16304148871,-1437.70849176273,2875.41698352546,9.01027846773436,1.50745541759836e-06,0.160070709096634,-0.344345519107348,0.0648615067631238,1.75012414867651,-0.246142504524808,3.12352066831442,31,0.983897175146905,TRUE,6,"BNB",2839.92921198981,2858.64900603658,-1414.96332945105,2829.9266589021,5.00127654385481,0.51162545829833,0.735551866102975,-1.20633498852754,0.603396773402802,0.683353728519314,-0.141401693039996,0.486966757075826,31,0.997885860361277,TRUE,13,"BCT",2843.73685604478,2885.40270244886,-1410.73676600838,2821.47353201675,11.1316620140148,0.996100726959398,0.997653869926807,-1.13857882669635,0.92748855281005,-0.176974612637363,-0.189670470873042,0.0672949010393464,31,0.999425746148709,TRUE,13,"GB2",2845.27191119264,2869.93691005262,-1416.04632752966,2832.09265505932,6.58962806665776,0.677468028866157,0.965807816571377,-1.12462905985412,0.842346411372011,-0.038900505329124,-0.0873168947746419,0.00913748942794709,31,0.998458479663657,FALSE,20,"GG",2839.20741617799,2861.41356874011,-1413.670998057,2827.34199611399,5.93271003199928,0.993442187935184,0.91778085921527,-1.19595006842292,0.986090481556396,-0.113291652024325,0.315759768054536,0.112539229540255,31,0.9993406847982,TRUE,13,"GT",2892.11531555805,2932.05150615172,-1435.38809951529,2870.77619903058,10.6695582637334,5.46223359613779e-07,0.279626989705258,-0.442491148528597,0.381704568715492,1.95990636466026,0.108028714140628,3.85290316131467,31,0.982161632893829,FALSE,20,"JSU",2847.83562587832,2889.06972160616,-1412.90149965839,2825.80299931678,11.0163132807706,0.985538895170243,0.997635490371275,-1.01457487883389,0.332464704057625,0.303678947884679,-0.6913352631782,0.570165349502017,31,0.998981576561213,FALSE,20,"SEP1",2852.76055823117,2893.79885252671,-1415.41627715342,2830.83255430684,10.9640019621653,0.416620563710005,0.979227603624171,-1.01960139808412,0.44078117642986,0.513540271595459,-0.82553764688994,0.945236016982916,31,0.997369751843728,FALSE,20,"SEP2",2858.52419491384,2901.63581559428,-1417.74417494463,2835.48834988926,11.5179225122888,0.0694541771564253,0.751965896790996,-1.10685542021693,0.350243359872678,0.917558678114758,-0.889166829817238,1.63253157903094,31,0.995712523395155,FALSE,20,"SEP3",2850.76007454196,2902.00736993369,-1411.68854602175,2823.3770920435,13.6914912492283,0.582341130920304,0.833352838635561,-1.13201341041556,0.285633070983402,0.441603354101162,-0.279190319017283,0.272960756586368,31,0.997656409209772,FALSE,20,"SEP4","NA's in the working vector or weights for parameter sigma
","SHASH",2852.01360569511,2893.9926358847,-1414.79146904119,2829.58293808237,11.2153338063689,0.604767641777055,0.860803188641533,-0.921098676365097,0.354105599637001,0.324732562095573,-0.952885783626535,1.01344255352271,31,0.997749144158142,FALSE,20,"SHASHo",2852.43893354316,2894.1807736308,-1415.06750189387,2830.13500378773,11.151964877717,0.408180828130605,0.950136691585632,-0.983422303311992,0.303069057533406,0.273030198239898,-0.905667279157552,0.894778709687561,31,0.997162511851637,FALSE,20,"ST1",2853.99108544515,2894.60877085848,-1416.1439127946,2832.28782558921,10.8516299279723,0.274204634431293,0.663228499262003,-1.00423106661688,0.475192327510941,0.661034785900658,-0.864446767067558,1.18423520126428,31,0.997309642512044,FALSE,20,"ST2",2848.99424406375,2889.01796440867,-1413.80417886921,2827.60835773842,10.6929431626653,0.893995408107418,0.982853179616271,-1.02288846598699,0.511470846863299,0.396956267939216,-0.76441912100421,0.74191087121308,31,0.998754219611,FALSE,20,"ST3",2917.70290532805,2948.55355983606,-1450.60923299174,2901.21846598348,8.24221967228821,0.0513300375055095,0.0888194333180929,-0.366717667476951,-0.222616893674726,-0.284739499257587,0.991855755131519,1.06485442142498,31,0.995294692135623,FALSE,20,"ST4",2864.46132201234,2905.84250831749,-1421.17505024957,2842.35010049913,11.0556107566046,0.0105974867228004,0.453772251477293,-0.862722970167386,0.280841164942906,0.996353224576715,-0.783960972760997,1.60731455493679,31,0.994304841574467,TRUE,9,"ST5",2852.64596242569,2892.5201051691,-1415.6699999722,2831.33999994439,10.6529812406474,0.393764852750841,0.725714399932805,-1.07853663655495,0.24554127076547,0.476936009160825,-0.907310370829781,1.05068006584953,31,0.99768603514236,FALSE,20,"TF",2893.24965191069,2930.98940384008,-1436.54207955206,2873.08415910411,10.0827464032896,6.68906051377027e-07,0.150701159753647,-0.303308345641165,0.238425400906762,1.8976272515862,-0.0158710216364084,3.60124107529039,31,0.982385298873041,TRUE,12,"PE",2901.59100106066,2941.81447027621,-1440.04919143112,2880.09838286224,10.7463090992137,3.79256910409089e-07,0.0646086814916978,-0.171776666096515,0.0324180165150348,1.86588742225007,-0.115577834532718,3.49489410834629,31,0.981137177530117,FALSE,20,"PE2",2901.52197875356,2942.29238074277,-1439.86855890223,2879.73711780447,10.8924304745437,3.25173703435327e-07,0.0671506586197301,-0.176503128762366,0.0221685665612211,1.87728523007303,-0.0895345607628579,3.53221627262134,31,0.980862187384025,FALSE,20
"BCCG","mu must be positive 
 ","ZIBNB",2841.92921198981,2864.39200922439,-1414.96332945105,2829.9266589021,6.00127654385481,0.559876243426592,0.593718376315065,-0.763495071794804,-1.14245668810938,0.0838363835211058,-0.320238887516239,0.109581484279536,31,0.997994578580057,TRUE,13,"LNO",2837.19709764731,2856.43187298276,-1413.45968722768,2826.91937445536,5.1388615959748,0.988967057379655,0.950884992260733,-0.631378411547426,-1.11891103960996,-0.0397615218637831,-0.346689101386447,0.121774311641067,31,0.999277702492013,TRUE,5,"NOF",2928.31856173214,2963.56427825659,-1454.74285380043,2909.48570760087,9.41642706563525,8.28589162765097e-12,0.0140820893777617,-0.68383889625327,-1.86255897562098,1.43923786051734,0.22695863412695,2.12291584075129,31,0.958705188398935,FALSE,20,"BCPE",2843.60947881879,2885.37015972026,-1410.64774092286,2821.29548184573,11.1569984865306,0.996998232493233,0.999775297223669,-0.277346355745457,-0.928091856919473,-0.418213065311401,-0.602444145031025,0.537841115879321,31,0.99944881264805,TRUE,10,"NET",2893.43754046093,2927.16304148871,-1437.70849176273,2875.41698352546,9.01027846773436,1.50745541759836e-06,0.160070709096634,0.0997032692222694,-1.21679624255544,0.796351964517444,-0.848422430705448,1.35399707231493,31,0.983897175146905,TRUE,6,"BNB",2839.92921198981,2858.64900603658,-1414.96332945105,2829.9266589021,5.00127654385481,0.51162545829833,0.735551866102975,-0.764048124587517,-1.16999122990924,0.101517405217478,-0.295167493278351,0.0974296326503147,31,0.997885860361277,TRUE,13,"BCT",2843.73685604478,2885.40270244886,-1410.73676600838,2821.47353201675,11.1316620140148,0.996100726959398,0.997653869926807,-0.283434216321208,-0.934454786495703,-0.424875740101859,-0.559441456990803,0.493494138327095,31,0.999425746148709,TRUE,13,"GB2",2845.27191119264,2869.93691005262,-1416.04632752966,2832.09265505932,6.58962806665776,0.677468028866157,0.965807816571377,-0.533066538912418,-0.959710926622376,0.055622371029737,-0.788130129988986,0.624242949955426,31,0.998458479663657,FALSE,20,"GG",2839.20741617799,2861.41356874011,-1413.670998057,2827.34199611399,5.93271003199928,0.993442187935184,0.91778085921527,-0.657953537828588,-1.123199025512,-0.0205734811444943,-0.337140474305718,0.114086967541487,31,0.9993406847982,TRUE,13,"GT",2892.11531555805,2932.05150615172,-1435.38809951529,2870.77619903058,10.6695582637334,5.46223359613779e-07,0.279626989705258,-0.0882348183098808,-1.16297716144806,1.04479625144864,-0.326367985203882,1.19811526880718,31,0.982161632893829,FALSE,20,"JSU",2847.83562587832,2889.06972160616,-1412.90149965839,2825.80299931678,11.0163132807706,0.985538895170243,0.997635490371275,-0.371198578812687,-1.0688173889792,-0.562187388518651,-0.745965818871587,0.872519662734178,31,0.998981576561213,FALSE,20,"SEP1",2852.76055823117,2893.79885252671,-1415.41627715342,2830.83255430684,10.9640019621653,0.416620563710005,0.979227603624171,-0.427320591374491,-0.97956670145194,-0.42541524165855,-0.965377813339893,1.11293245032432,31,0.997369751843728,FALSE,20,"SEP2",2858.52419491384,2901.63581559428,-1417.74417494463,2835.48834988926,11.5179225122888,0.0694541771564253,0.751965896790996,-0.539838926423725,-1.01011552519816,-0.234589445273538,-1.21762259319079,1.53763698728241,31,0.995712523395155,FALSE,20,"SEP3",2850.76007454196,2902.00736993369,-1411.68854602175,2823.3770920435,13.6914912492283,0.582341130920304,0.833352838635561,-0.583167673030857,-1.32713772641171,-0.631387943620707,-0.252554557214761,0.462434539719529,31,0.997656409209772,FALSE,20,"SEP4","NA's in the working vector or weights for parameter sigma
","SHASH",2852.01360569511,2893.9926358847,-1414.79146904119,2829.58293808237,11.2153338063689,0.604767641777055,0.860803188641533,-0.271933942312586,-0.943152720873995,-0.581274152182839,-1.09536584862339,1.53770598232631,31,0.997749144158142,FALSE,20,"SHASHo",2852.43893354316,2894.1807736308,-1415.06750189387,2830.13500378773,11.151964877717,0.408180828130605,0.950136691585632,-0.37223540110172,-1.05519853199382,-0.655497584186348,-0.974184276243097,1.37871208695343,31,0.997162511851637,FALSE,20,"ST1",2853.99108544515,2894.60877085848,-1416.1439127946,2832.28782558921,10.8516299279723,0.274204634431293,0.663228499262003,-0.391226804237341,-0.817535947852809,-0.270519482735433,-1.16232708013211,1.42418503174789,31,0.997309642512044,FALSE,20,"ST2",2848.99424406375,2889.01796440867,-1413.80417886921,2827.60835773842,10.6929431626653,0.893995408107418,0.982853179616271,-0.409898835682023,-0.871407314111387,-0.479781654158605,-0.854969569713124,0.961163400802612,31,0.998754219611,FALSE,20,"ST3",2917.70290532805,2948.55355983606,-1450.60923299174,2901.21846598348,8.24221967228821,0.0513300375055095,0.0888194333180929,-0.0682965599728173,-1.27823486101867,-1.62610608525464,0.824530553084036,3.32407163347123,31,0.995294692135623,FALSE,20,"ST4",2864.46132201234,2905.84250831749,-1421.17505024957,2842.35010049913,11.0556107566046,0.0105974867228004,0.453772251477293,-0.246579579077161,-0.952190806137508,0.0546592798948397,-1.32300669529783,1.75333435268152,31,0.994304841574467,TRUE,9,"ST5",2852.64596242569,2892.5201051691,-1415.6699999722,2831.33999994439,10.6529812406474,0.393764852750841,0.725714399932805,-0.453766392919744,-0.992485378539906,-0.40556451412134,-1.10641784688424,1.38864302701843,31,0.99768603514236,FALSE,20,"TF",2893.24965191069,2930.98940384008,-1436.54207955206,2873.08415910411,10.0827464032896,6.68906051377027e-07,0.150701159753647,0.057626988323104,-1.23927162224951,0.917289889059599,-0.648736340097219,1.2622795795337,31,0.982385298873041,TRUE,12,"PE",2901.59100106066,2941.81447027621,-1440.04919143112,2880.09838286224,10.7463090992137,3.79256910409089e-07,0.0646086814916978,0.174490210872216,-1.39852877232858,0.806550781893167,-0.93166895103449,1.51853119809419,31,0.981137177530117,FALSE,20,"PE2",2901.52197875356,2942.29238074277,-1439.86855890223,2879.73711780447,10.8924304745437,3.25173703435327e-07,0.0671506586197301,0.158231771603759,-1.44743160654658,0.82435642484305,-0.858157618388244,1.4159980131778,31,0.980862187384025,FALSE,20
"BCCG","mu must be positive 
 ","ZIBNB",2841.92921198981,2864.39200922439,-1414.96332945105,2829.9266589021,6.00127654385481,0.559876243426592,0.593718376315065,-1.22547693718099,0.276784559711602,0.842026386155701,0.0854149446043872,0.716304147744201,32,0.997994578580057,TRUE,13,"LNO",2837.19709764731,2856.43187298276,-1413.45968722768,2826.91937445536,5.1388615959748,0.988967057379655,0.950884992260733,-1.07096847210249,0.281525816230591,0.690907725503532,0.198988593947182,0.51694994568154,32,0.999277702492013,TRUE,5,"NOF",2928.31856173214,2963.56427825659,-1454.74285380043,2909.48570760087,9.41642706563525,8.28589162765097e-12,0.0140820893777617,-0.910811955862172,-0.222523960298595,2.55162646292331,1.91857186741009,10.1917156167079,32,0.958705188398935,FALSE,20,"BCPE",2843.60947881879,2885.37015972026,-1410.64774092286,2821.29548184573,11.1569984865306,0.996998232493233,0.999775297223669,-1.18473538699805,0.415141400843617,0.225353704203943,0.0354378818878889,0.0520401354711384,32,0.99944881264805,TRUE,10,"NET",2893.43754046093,2927.16304148871,-1437.70849176273,2875.41698352546,9.01027846773436,1.50745541759836e-06,0.160070709096634,-0.524439834937183,-0.0759913362268177,1.30401357872177,-0.980508887477646,2.6618490919134,32,0.983897175146905,TRUE,6,"BNB",2839.92921198981,2858.64900603658,-1414.96332945105,2829.9266589021,5.00127654385481,0.51162545829833,0.735551866102975,-1.26249462532597,0.345606598506492,0.797542947631741,0.046779236395273,0.63826305027485,32,0.997885860361277,TRUE,13,"BCT",2843.73685604478,2885.40270244886,-1410.73676600838,2821.47353201675,11.1316620140148,0.996100726959398,0.997653869926807,-1.18188706437987,0.412470699227762,0.231497684958421,0.0742464249707399,0.0591037097620441,32,0.999425746148709,TRUE,13,"GB2",2845.27191119264,2869.93691005262,-1416.04632752966,2832.09265505932,6.58962806665776,0.677468028866157,0.965807816571377,-1.02297277205507,0.264400287340698,0.653048311305728,-0.594939579759791,0.78042520046402,32,0.998458479663657,FALSE,20,"GG",2839.20741617799,2861.41356874011,-1413.670998057,2827.34199611399,5.93271003199928,0.993442187935184,0.91778085921527,-1.07125451453422,0.272226227167076,0.692497035606687,0.193891884905711,0.517146207356339,32,0.9993406847982,TRUE,13,"GT",2892.11531555805,2932.05150615172,-1435.38809951529,2870.77619903058,10.6695582637334,5.46223359613779e-07,0.279626989705258,-0.656757875631018,0.113528191028358,1.57476871118241,-0.0520600401377215,2.48260674149824,32,0.982161632893829,FALSE,20,"JSU",2847.83562587832,2889.06972160616,-1412.90149965839,2825.80299931678,11.0163132807706,0.985538895170243,0.997635490371275,-1.24591609983805,0.415218699725648,-0.0503426085963576,-0.361321870575922,0.133087872396769,32,0.998981576561213,FALSE,20,"SEP1",2852.76055823117,2893.79885252671,-1415.41627715342,2830.83255430684,10.9640019621653,0.416620563710005,0.979227603624171,-1.29578528342299,0.473859300930365,0.411738129939597,-0.859489456421098,0.908250413345191,32,0.997369751843728,FALSE,20,"SEP2",2858.52419491384,2901.63581559428,-1417.74417494463,2835.48834988926,11.5179225122888,0.0694541771564253,0.751965896790996,-1.43990610293391,0.368091224233353,0.668011617108286,-0.964179092966686,1.37588084390569,32,0.995712523395155,FALSE,20,"SEP3",2850.76007454196,2902.00736993369,-1411.68854602175,2823.3770920435,13.6914912492283,0.582341130920304,0.833352838635561,-1.3259249906393,0.113951329493871,0.278052135183508,-0.28087007818438,0.156200990699408,32,0.997656409209772,FALSE,20,"SEP4","NA's in the working vector or weights for parameter sigma
","SHASH",2852.01360569511,2893.9926358847,-1414.79146904119,2829.58293808237,11.2153338063689,0.604767641777055,0.860803188641533,-1.23464083758493,0.544104966348115,0.0233461604311883,-0.755989222611775,0.572064747912035,32,0.997749144158142,FALSE,20,"SHASHo",2852.43893354316,2894.1807736308,-1415.06750189387,2830.13500378773,11.151964877717,0.408180828130605,0.950136691585632,-1.3066835119391,0.430038305348723,0.109408711653562,-0.707672823528681,0.512771091346748,32,0.997162511851637,FALSE,20,"ST1",2853.99108544515,2894.60877085848,-1416.1439127946,2832.28782558921,10.8516299279723,0.274204634431293,0.663228499262003,-1.29308313760475,0.537009410421771,0.410229976498395,-1.16849427001687,1.53366749268014,32,0.997309642512044,FALSE,20,"ST2",2848.99424406375,2889.01796440867,-1413.80417886921,2827.60835773842,10.6929431626653,0.893995408107418,0.982853179616271,-1.28897931890787,0.521039264315554,0.230898087224219,-0.813077695264744,0.714409265220831,32,0.998754219611,FALSE,20,"ST3",2917.70290532805,2948.55355983606,-1450.60923299174,2901.21846598348,8.24221967228821,0.0513300375055095,0.0888194333180929,-0.768370475561483,-0.0601689885186213,-0.0515467174439695,-0.836934073084957,0.703115706769824,32,0.995294692135623,FALSE,20,"ST4",2864.46132201234,2905.84250831749,-1421.17505024957,2842.35010049913,11.0556107566046,0.0105974867228004,0.453772251477293,-1.08964342965967,0.368840803184295,0.56463262793372,-1.28449173508461,1.96872902202801,32,0.994304841574467,TRUE,9,"ST5",2852.64596242569,2892.5201051691,-1415.6699999722,2831.33999994439,10.6529812406474,0.393764852750841,0.725714399932805,-1.35862365406647,0.337736115499843,0.212276807807039,-1.13105995227145,1.32435805876505,32,0.99768603514236,FALSE,20,"TF",2893.24965191069,2930.98940384008,-1436.54207955206,2873.08415910411,10.0827464032896,6.68906051377027e-07,0.150701159753647,-0.531780347299577,0.0627451968190573,1.56728330580451,-0.186866089046123,2.49129589588889,32,0.982385298873041,TRUE,12,"PE",2901.59100106066,2941.81447027621,-1440.04919143112,2880.09838286224,10.7463090992137,3.79256910409089e-07,0.0646086814916978,-0.464203298137542,-0.0344483330269023,1.65304365978249,-0.106457677139306,2.74388657816899,32,0.981137177530117,FALSE,20,"PE2",2901.52197875356,2942.29238074277,-1439.86855890223,2879.73711780447,10.8924304745437,3.25173703435327e-07,0.0671506586197301,-0.477543475268322,-0.0594935471830669,1.67742543945176,-0.0291573244961646,2.81460625449172,32,0.980862187384025,FALSE,20
"BCCG","mu must be positive 
 ","ZIBNB",2841.92921198981,2864.39200922439,-1414.96332945105,2829.9266589021,6.00127654385481,0.559876243426592,0.593718376315065,0.581645678339261,-1.38373713252447,0.0203688168942278,-0.973359988454339,0.947844555825501,31,0.997994578580057,TRUE,13,"LNO",2837.19709764731,2856.43187298276,-1413.45968722768,2826.91937445536,5.1388615959748,0.988967057379655,0.950884992260733,0.704053945847974,-1.32966360745427,-0.192655802791951,-0.844058339971416,0.749550739624714,31,0.999277702492013,TRUE,5,"NOF",2928.31856173214,2963.56427825659,-1454.74285380043,2909.48570760087,9.41642706563525,8.28589162765097e-12,0.0140820893777617,0.58469687759731,-1.91504482861866,1.4667235683015,-0.498389944501917,2.39967056259171,31,0.958705188398935,FALSE,20,"BCPE",2843.60947881879,2885.37015972026,-1410.64774092286,2821.29548184573,11.1569984865306,0.996998232493233,0.999775297223669,1.08614527059187,-1.72864168899307,0.0934436745513874,-1.15290534139006,1.3379224465194,31,0.99944881264805,TRUE,10,"NET",2893.43754046093,2927.16304148871,-1437.70849176273,2875.41698352546,9.01027846773436,1.50745541759836e-06,0.160070709096634,1.43282353248677,-1.30210661540805,0.993029162527737,-1.53955447091409,3.35633488654209,31,0.983897175146905,TRUE,6,"BNB",2839.92921198981,2858.64900603658,-1414.96332945105,2829.9266589021,5.00127654385481,0.51162545829833,0.735551866102975,0.612382357426808,-1.47709759402803,0.174537956928872,-1.06561327779164,1.16599515621474,31,0.997885860361277,TRUE,13,"BCT",2843.73685604478,2885.40270244886,-1410.73676600838,2821.47353201675,11.1316620140148,0.996100726959398,0.997653869926807,1.07468033320797,-1.74255659692639,0.0852531763025294,-1.08334650290646,1.18090774942933,31,0.999425746148709,TRUE,13,"GB2",2845.27191119264,2869.93691005262,-1416.04632752966,2832.09265505932,6.58962806665776,0.677468028866157,0.965807816571377,0.711864348120808,-1.1992934501986,-0.424452393716251,-0.93669567371323,1.05755861968454,31,0.998458479663657,FALSE,20,"GG",2839.20741617799,2861.41356874011,-1413.670998057,2827.34199611399,5.93271003199928,0.993442187935184,0.91778085921527,0.703033304604045,-1.29191492756275,-0.215031763366933,-0.821835217233242,0.721651783541503,31,0.9993406847982,TRUE,13,"GT",2892.11531555805,2932.05150615172,-1435.38809951529,2870.77619903058,10.6695582637334,5.46223359613779e-07,0.279626989705258,1.28061153962873,-1.21056837003658,1.23420892463964,-0.970857552641919,2.46583605718199,31,0.982161632893829,FALSE,20,"JSU",2847.83562587832,2889.06972160616,-1412.90149965839,2825.80299931678,11.0163132807706,0.985538895170243,0.997635490371275,1.13619906751363,-1.83467263506263,0.0749418201205004,-0.93397344363879,0.877922669825473,31,0.998981576561213,FALSE,20,"SEP1",2852.76055823117,2893.79885252671,-1415.41627715342,2830.83255430684,10.9640019621653,0.416620563710005,0.979227603624171,1.1126725835677,-1.69389632700306,0.0217859176102523,-0.954039923354612,0.910666801560595,31,0.997369751843728,FALSE,20,"SEP2",2858.52419491384,2901.63581559428,-1417.74417494463,2835.48834988926,11.5179225122888,0.0694541771564253,0.751965896790996,1.1338236337283,-1.48013000075291,0.15232486531446,-1.65840166270569,2.77349893945807,31,0.995712523395155,FALSE,20,"SEP3",2850.76007454196,2902.00736993369,-1411.68854602175,2823.3770920435,13.6914912492283,0.582341130920304,0.833352838635561,0.959368126369857,-1.87946912721702,0.144519258289377,-0.416025288140457,0.193962856388862,31,0.997656409209772,FALSE,20,"SEP4","NA's in the working vector or weights for parameter sigma
","SHASH",2852.01360569511,2893.9926358847,-1414.79146904119,2829.58293808237,11.2153338063689,0.604767641777055,0.860803188641533,1.2835318052166,-1.70810626383993,-0.0108539540266928,-1.33378135701072,1.77909051662738,31,0.997749144158142,FALSE,20,"SHASHo",2852.43893354316,2894.1807736308,-1415.06750189387,2830.13500378773,11.151964877717,0.408180828130605,0.950136691585632,1.19823770012928,-1.91277865037162,-0.129449907939064,-1.015808194603,1.04862356688804,31,0.997162511851637,FALSE,20,"ST1",2853.99108544515,2894.60877085848,-1416.1439127946,2832.28782558921,10.8516299279723,0.274204634431293,0.663228499262003,1.1599668591147,-1.38594335404538,0.230136487132052,-1.46011190833783,2.18488958757942,31,0.997309642512044,FALSE,20,"ST2",2848.99424406375,2889.01796440867,-1413.80417886921,2827.60835773842,10.6929431626653,0.893995408107418,0.982853179616271,1.14044575618374,-1.57339352701482,0.0983837967882073,-1.04124177643552,1.09386380846506,31,0.998754219611,FALSE,20,"ST3",2917.70290532805,2948.55355983606,-1450.60923299174,2901.21846598348,8.24221967228821,0.0513300375055095,0.0888194333180929,1.38457703996157,-2.44625226926456,-0.923393843095205,0.775172184165961,1.45354810457076,31,0.995294692135623,FALSE,20,"ST4",2864.46132201234,2905.84250831749,-1421.17505024957,2842.35010049913,11.0556107566046,0.0105974867228004,0.453772251477293,1.19516813564151,-1.29675489974571,0.461181712264397,-1.79830345124071,3.44658387447138,31,0.994304841574467,TRUE,9,"ST5",2852.64596242569,2892.5201051691,-1415.6699999722,2831.33999994439,10.6529812406474,0.393764852750841,0.725714399932805,1.04987865758238,-1.61718536148387,0.131781713097098,-1.39989007215504,1.97705863402506,31,0.99768603514236,FALSE,20,"TF",2893.24965191069,2930.98940384008,-1436.54207955206,2873.08415910411,10.0827464032896,6.68906051377027e-07,0.150701159753647,1.42187700285075,-1.182288218504,1.10510128510027,-1.39562765905156,3.16902541304002,31,0.982385298873041,TRUE,12,"PE",2901.59100106066,2941.81447027621,-1440.04919143112,2880.09838286224,10.7463090992137,3.79256910409089e-07,0.0646086814916978,1.55182324430605,-1.22025053668458,0.944327369920511,-2.02800097967969,5.00454215516279,31,0.981137177530117,FALSE,20,"PE2",2901.52197875356,2942.29238074277,-1439.86855890223,2879.73711780447,10.8924304745437,3.25173703435327e-07,0.0671506586197301,1.52320726375713,-1.24106165021542,0.977289279170938,-1.93464169129757,4.69793280888916,31,0.980862187384025,FALSE,20
"BCCG","mu must be positive 
 ","ZIBNB",2841.92921198981,2864.39200922439,-1414.96332945105,2829.9266589021,6.00127654385481,0.559876243426592,0.593718376315065,0.614290189303686,-0.487488889098317,0.133873741346952,-1.18745240672394,1.42796539685671,31,0.997994578580057,TRUE,13,"LNO",2837.19709764731,2856.43187298276,-1413.45968722768,2826.91937445536,5.1388615959748,0.988967057379655,0.950884992260733,0.826959766736453,-0.601886752821666,-0.143130212374384,-1.07055602866689,1.16657646820936,31,0.999277702492013,TRUE,5,"NOF",2928.31856173214,2963.56427825659,-1454.74285380043,2909.48570760087,9.41642706563525,8.28589162765097e-12,0.0140820893777617,0.66455343262946,-0.819074349272309,1.61044678406354,0.273182387465095,2.66816746112171,31,0.958705188398935,FALSE,20,"BCPE",2843.60947881879,2885.37015972026,-1410.64774092286,2821.29548184573,11.1569984865306,0.996998232493233,0.999775297223669,0.806105282047308,-0.746544440773785,-0.548139942844487,-0.687120927754543,0.772592566299822,31,0.99944881264805,TRUE,10,"NET",2893.43754046093,2927.16304148871,-1437.70849176273,2875.41698352546,9.01027846773436,1.50745541759836e-06,0.160070709096634,1.31189402255295,-0.365355801568451,0.503700834264244,-1.33676269613253,2.04064903621,31,0.983897175146905,TRUE,6,"BNB",2839.92921198981,2858.64900603658,-1414.96332945105,2829.9266589021,5.00127654385481,0.51162545829833,0.735551866102975,0.654426552821653,-0.495017742920276,0.183296784751726,-1.14534222902798,1.3454065328951,31,0.997885860361277,TRUE,13,"BCT",2843.73685604478,2885.40270244886,-1410.73676600838,2821.47353201675,11.1316620140148,0.996100726959398,0.997653869926807,0.798623985437139,-0.749263857970536,-0.530323941058752,-0.644154797419835,0.696178885499075,31,0.999425746148709,TRUE,13,"GB2",2845.27191119264,2869.93691005262,-1416.04632752966,2832.09265505932,6.58962806665776,0.677468028866157,0.965807816571377,0.83293964536071,-0.574152833081699,-0.335605625174495,-1.37340407586595,1.99886989125398,31,0.998458479663657,FALSE,20,"GG",2839.20741617799,2861.41356874011,-1413.670998057,2827.34199611399,5.93271003199928,0.993442187935184,0.91778085921527,0.837212281819331,-0.590784673476457,-0.173306246912638,-1.09737822192631,1.23427401717709,31,0.9993406847982,TRUE,13,"GT",2892.11531555805,2932.05150615172,-1435.38809951529,2870.77619903058,10.6695582637334,5.46223359613779e-07,0.279626989705258,1.17362564122399,-0.131655407389023,0.875249311966798,-0.72570542461474,1.29270972141361,31,0.982161632893829,FALSE,20,"JSU",2847.83562587832,2889.06972160616,-1412.90149965839,2825.80299931678,11.0163132807706,0.985538895170243,0.997635490371275,0.830120671327297,-0.36180829437806,-0.522040991555288,-0.513662696685385,0.536376162830131,31,0.998981576561213,FALSE,20,"SEP1",2852.76055823117,2893.79885252671,-1415.41627715342,2830.83255430684,10.9640019621653,0.416620563710005,0.979227603624171,0.824669138204781,-0.203471831803421,-0.586487945360589,-0.64024077497078,0.75387635998847,31,0.997369751843728,FALSE,20,"SEP2",2858.52419491384,2901.63581559428,-1417.74417494463,2835.48834988926,11.5179225122888,0.0694541771564253,0.751965896790996,0.874734766075395,-0.223347672198831,-0.669771199267913,-0.848284207037249,1.16817955527759,31,0.995712523395155,FALSE,20,"SEP3",2850.76007454196,2902.00736993369,-1411.68854602175,2823.3770920435,13.6914912492283,0.582341130920304,0.833352838635561,0.617165869674552,-0.476981917078731,-0.201602846557894,-0.492744305623115,0.283440658464251,31,0.997656409209772,FALSE,20,"SEP4","NA's in the working vector or weights for parameter sigma
","SHASH",2852.01360569511,2893.9926358847,-1414.79146904119,2829.58293808237,11.2153338063689,0.604767641777055,0.860803188641533,0.980577581846603,-0.259520330227004,-0.770292307125957,-0.642940936385209,1.00672328609732,31,0.997749144158142,FALSE,20,"SHASHo",2852.43893354316,2894.1807736308,-1415.06750189387,2830.13500378773,11.151964877717,0.408180828130605,0.950136691585632,0.852705220379553,-0.357918639330004,-0.843157507611335,-0.489958591121503,0.950974003655126,31,0.997162511851637,FALSE,20,"ST1",2853.99108544515,2894.60877085848,-1416.1439127946,2832.28782558921,10.8516299279723,0.274204634431293,0.663228499262003,0.906219598080461,-0.0793975942859785,-0.464239689814839,-0.900953645859922,1.02723596158766,31,0.997309642512044,FALSE,20,"ST2",2848.99424406375,2889.01796440867,-1413.80417886921,2827.60835773842,10.6929431626653,0.893995408107418,0.982853179616271,0.860443352647535,-0.14506987827054,-0.508262671440785,-0.600299361427973,0.618690266510956,31,0.998754219611,FALSE,20,"ST3",2917.70290532805,2948.55355983606,-1450.60923299174,2901.21846598348,8.24221967228821,0.0513300375055095,0.0888194333180929,0.588930387544209,-0.510941691315333,-0.666722456682071,0.0906947444024883,0.452744370906409,31,0.995294692135623,FALSE,20,"ST4",2864.46132201234,2905.84250831749,-1421.17505024957,2842.35010049913,11.0556107566046,0.0105974867228004,0.453772251477293,1.01585158850954,-0.201432132579951,-0.207835842316575,-1.27352931524505,1.66507265413996,31,0.994304841574467,TRUE,9,"ST5",2852.64596242569,2892.5201051691,-1415.6699999722,2831.33999994439,10.6529812406474,0.393764852750841,0.725714399932805,0.784828552570853,-0.321526287578264,-0.549672097151496,-0.860292138414968,1.04224197780552,31,0.99768603514236,FALSE,20,"TF",2893.24965191069,2930.98940384008,-1436.54207955206,2873.08415910411,10.0827464032896,6.68906051377027e-07,0.150701159753647,1.38755078665647,-0.219944079813349,0.716424465006838,-0.987651807238535,1.48872010640188,31,0.982385298873041,TRUE,12,"PE",2901.59100106066,2941.81447027621,-1440.04919143112,2880.09838286224,10.7463090992137,3.79256910409089e-07,0.0646086814916978,1.59071260594593,-0.426329700308553,0.419903743991833,-1.35097548554235,2.00145391675476,31,0.981137177530117,FALSE,20,"PE2",2901.52197875356,2942.29238074277,-1439.86855890223,2879.73711780447,10.8924304745437,3.25173703435327e-07,0.0671506586197301,1.57922641054067,-0.448210126276687,0.435212803100144,-1.29588545006317,1.8687292836677,31,0.980862187384025,FALSE,20
"BCCG","mu must be positive 
 ","ZIBNB",2841.92921198981,2864.39200922439,-1414.96332945105,2829.9266589021,6.00127654385481,0.559876243426592,0.593718376315065,6.82751310485818,10.4247818426748,5.45031830570598,5.30098236221619,10.7513006679222,312,0.997994578580057,TRUE,13,"LNO",2837.19709764731,2856.43187298276,-1413.45968722768,2826.91937445536,5.1388615959748,0.988967057379655,0.950884992260733,6.94681839054684,11.0286056756806,3.05332767085657,4.52991898534751,7.58324665620408,312,0.999277702492013,TRUE,5,"NOF",2928.31856173214,2963.56427825659,-1454.74285380043,2909.48570760087,9.41642706563525,8.28589162765097e-12,0.0140820893777617,6.04630728715943,25.2395793492686,54.6938960853174,22.5834094339102,77.2773055192276,312,0.958705188398935,FALSE,20,"BCPE",2843.60947881879,2885.37015972026,-1410.64774092286,2821.29548184573,11.1569984865306,0.996998232493233,0.999775297223669,7.44037711357692,11.3691011347573,2.09819882990057,4.14387120221477,6.24207003211534,312,0.99944881264805,TRUE,10,"NET",2893.43754046093,2927.16304148871,-1437.70849176273,2875.41698352546,9.01027846773436,1.50745541759836e-06,0.160070709096634,9.01249258129528,5.72877667948055,16.4264906002352,9.66285857886325,26.0893491790985,312,0.983897175146905,TRUE,6,"BNB",2839.92921198981,2858.64900603658,-1414.96332945105,2829.9266589021,5.00127654385481,0.51162545829833,0.735551866102975,7.04195839889938,10.9853747468922,5.52033796272099,5.79225196330208,11.3125899260231,312,0.997885860361277,TRUE,13,"BCT",2843.73685604478,2885.40270244886,-1410.73676600838,2821.47353201675,11.1316620140148,0.996100726959398,0.997653869926807,7.37531987106485,11.5459266281829,2.09515333370256,3.86972700060079,5.96488033430335,312,0.999425746148709,TRUE,13,"GB2",2845.27191119264,2869.93691005262,-1416.04632752966,2832.09265505932,6.58962806665776,0.677468028866157,0.965807816571377,6.70692198974788,7.60301333557121,2.47788108874752,6.81385730048993,9.29173838923744,312,0.998458479663657,FALSE,20,"GG",2839.20741617799,2861.41356874011,-1413.670998057,2827.34199611399,5.93271003199928,0.993442187935184,0.91778085921527,7.08612467577311,10.9468016867938,2.99739228089661,4.54241721565643,7.53980949655304,312,0.9993406847982,TRUE,13,"GT",2892.11531555805,2932.05150615172,-1435.38809951529,2870.77619903058,10.6695582637334,5.46223359613779e-07,0.279626989705258,7.89130845628704,7.52173688908289,24.7731392881352,3.93714359782153,28.7102828859567,312,0.982161632893829,FALSE,20,"JSU",2847.83562587832,2889.06972160616,-1412.90149965839,2825.80299931678,11.0163132807706,0.985538895170243,0.997635490371275,7.59131854286088,10.9237953320924,2.67809582402838,4.91991726269577,7.59801308672414,312,0.998981576561213,FALSE,20,"SEP1",2852.76055823117,2893.79885252671,-1415.41627715342,2830.83255430684,10.9640019621653,0.416620563710005,0.979227603624171,7.75057383929283,11.2511932500209,5.46651272686366,7.70013752344346,13.1666502503071,312,0.997369751843728,FALSE,20,"SEP2",2858.52419491384,2901.63581559428,-1417.74417494463,2835.48834988926,11.5179225122888,0.0694541771564253,0.751965896790996,8.67382873697633,9.26652046329649,7.27386235046034,11.9423858752069,19.2162482256672,312,0.995712523395155,FALSE,20,"SEP3",2850.76007454196,2902.00736993369,-1411.68854602175,2823.3770920435,13.6914912492283,0.582341130920304,0.833352838635561,7.34332904474241,14.3989184056005,5.54650423468658,5.33782473640516,10.8843289710917,312,0.997656409209772,FALSE,20,"SEP4","NA's in the working vector or weights for parameter sigma
","SHASH",2852.01360569511,2893.9926358847,-1414.79146904119,2829.58293808237,11.2153338063689,0.604767641777055,0.860803188641533,8.37480669085918,10.7719297674619,3.81162610690998,8.83471131641843,12.6463374233284,312,0.997749144158142,FALSE,20,"SHASHo",2852.43893354316,2894.1807736308,-1415.06750189387,2830.13500378773,11.151964877717,0.408180828130605,0.950136691585632,7.96553461505339,12.5615411140857,5.32731587984945,8.23810452396063,13.5654204038101,312,0.997162511851637,FALSE,20,"ST1",2853.99108544515,2894.60877085848,-1416.1439127946,2832.28782558921,10.8516299279723,0.274204634431293,0.663228499262003,8.16406145165074,7.41187680592135,3.20563968870841,8.999782251696,12.2054219404044,312,0.997309642512044,FALSE,20,"ST2",2848.99424406375,2889.01796440867,-1413.80417886921,2827.60835773842,10.6929431626653,0.893995408107418,0.982853179616271,7.94984686239356,9.20329967733522,2.89531036830672,5.39156790783815,8.28687827614486,312,0.998754219611,FALSE,20,"ST3",2917.70290532805,2948.55355983606,-1450.60923299174,2901.21846598348,8.24221967228821,0.0513300375055095,0.0888194333180929,5.55596000520472,14.6172193625579,14.3501761363663,11.8510267517714,26.2012028881377,312,0.995294692135623,FALSE,20,"ST4",2864.46132201234,2905.84250831749,-1421.17505024957,2842.35010049913,11.0556107566046,0.0105974867228004,0.453772251477293,7.80438281085473,5.80453141493058,4.36034698966418,12.9890240950892,17.3493710847534,312,0.994304841574467,TRUE,9,"ST5",2852.64596242569,2892.5201051691,-1415.6699999722,2831.33999994439,10.6529812406474,0.393764852750841,0.725714399932805,7.80907278791686,7.45024281039559,2.39307759632412,8.32470047286622,10.7177780691903,312,0.99768603514236,FALSE,20,"TF",2893.24965191069,2930.98940384008,-1436.54207955206,2873.08415910411,10.0827464032896,6.68906051377027e-07,0.150701159753647,9.82141822650016,7.54532810940799,23.1195916471501,6.84280286827064,29.9623945154208,312,0.982385298873041,TRUE,12,"PE",2901.59100106066,2941.81447027621,-1440.04919143112,2880.09838286224,10.7463090992137,3.79256910409089e-07,0.0646086814916978,12.6424113617491,9.95361260027734,24.0700742565708,14.5635877070742,38.633661963645,312,0.981137177530117,FALSE,20,"PE2",2901.52197875356,2942.29238074277,-1439.86855890223,2879.73711780447,10.8924304745437,3.25173703435327e-07,0.0671506586197301,12.3887625828349,10.4518465318972,24.8456426883474,13.9412753051843,38.7869179935318,312,0.980862187384025,FALSE,20
"BCCG","mu must be positive 
 ","ZIBNB",2841.92921198981,2864.39200922439,-1414.96332945105,2829.9266589021,6.00127654385481,0.559876243426592,0.593718376315065,7.99876147067054,8.49998099273733,9,9,18,0,0.997994578580057,TRUE,13,"LNO",2837.19709764731,2856.43187298276,-1413.45968722768,2826.91937445536,5.1388615959748,0.988967057379655,0.950884992260733,7.73149843632541,8.0648199838499,10,10,20,0,0.999277702492013,TRUE,5,"NOF",2928.31856173214,2963.56427825659,-1454.74285380043,2909.48570760087,9.41642706563525,8.28589162765097e-12,0.0140820893777617,3.58412545382335,8.4997237402707,9,10,19,0,0.958705188398935,FALSE,20,"BCPE",2843.60947881879,2885.37015972026,-1410.64774092286,2821.29548184573,11.1569984865306,0.996998232493233,0.999775297223669,2.84352256264466,8.49973947541236,9,9,18,0,0.99944881264805,TRUE,10,"NET",2893.43754046093,2927.16304148871,-1437.70849176273,2875.41698352546,9.01027846773436,1.50745541759836e-06,0.160070709096634,2.99004255534019,8.49983948846273,10,10,20,0,0.983897175146905,TRUE,6,"BNB",2839.92921198981,2858.64900603658,-1414.96332945105,2829.9266589021,5.00127654385481,0.51162545829833,0.735551866102975,7.99876147067054,8.49998099273733,9,10,19,0,0.997885860361277,TRUE,13,"BCT",2843.73685604478,2885.40270244886,-1410.73676600838,2821.47353201675,11.1316620140148,0.996100726959398,0.997653869926807,2.86886348139064,8.49973725229727,9,9,18,0,0.999425746148709,TRUE,13,"GB2",2845.27191119264,2869.93691005262,-1416.04632752966,2832.09265505932,6.58962806665776,0.677468028866157,0.965807816571377,7.41086016216529,8.49975588558847,9,9,18,0,0.998458479663657,FALSE,20,"GG",2839.20741617799,2861.41356874011,-1413.670998057,2827.34199611399,5.93271003199928,0.993442187935184,0.91778085921527,7.99868005605641,8.03430495597216,9,10,19,0,0.9993406847982,TRUE,13,"GT",2892.11531555805,2932.05150615172,-1435.38809951529,2870.77619903058,10.6695582637334,5.46223359613779e-07,0.279626989705258,3.33074489615397,8.49984842005629,9,9,18,0,0.982161632893829,FALSE,20,"JSU",2847.83562587832,2889.06972160616,-1412.90149965839,2825.80299931678,11.0163132807706,0.985538895170243,0.997635490371275,2.98409889185746,8.49979391368599,9,9,18,0,0.998981576561213,FALSE,20,"SEP1",2852.76055823117,2893.79885252671,-1415.41627715342,2830.83255430684,10.9640019621653,0.416620563710005,0.979227603624171,3.03628923183677,8.49985440299899,9,9,18,0,0.997369751843728,FALSE,20,"SEP2",2858.52419491384,2901.63581559428,-1417.74417494463,2835.48834988926,11.5179225122888,0.0694541771564253,0.751965896790996,2.48234540646904,8.49986604062106,9,9,18,0,0.995712523395155,FALSE,20,"SEP3",2850.76007454196,2902.00736993369,-1411.68854602175,2823.3770920435,13.6914912492283,0.582341130920304,0.833352838635561,3.36449954571709,6.97200460252728,9,9,18,0,0.997656409209772,FALSE,20,"SEP4","NA's in the working vector or weights for parameter sigma
","SHASH",2852.01360569511,2893.9926358847,-1414.79146904119,2829.58293808237,11.2153338063689,0.604767641777055,0.860803188641533,2.78494748982133,8.49985935190487,9,9,18,0,0.997749144158142,FALSE,20,"SHASHo",2852.43893354316,2894.1807736308,-1415.06750189387,2830.13500378773,11.151964877717,0.408180828130605,0.950136691585632,2.84829263431664,8.49987124398319,9,9,18,0,0.997162511851637,FALSE,20,"ST1",2853.99108544515,2894.60877085848,-1416.1439127946,2832.28782558921,10.8516299279723,0.274204634431293,0.663228499262003,3.14871377137669,8.4998281503255,9,9,18,0,0.997309642512044,FALSE,20,"ST2",2848.99424406375,2889.01796440867,-1413.80417886921,2827.60835773842,10.6929431626653,0.893995408107418,0.982853179616271,3.30742094454026,8.49981794639723,9,9,18,0,0.998754219611,FALSE,20,"ST3",2917.70290532805,2948.55355983606,-1450.60923299174,2901.21846598348,8.24221967228821,0.0513300375055095,0.0888194333180929,7.99999975058789,7.37889028856195,9,9,18,0,0.995294692135623,FALSE,20,"ST4",2864.46132201234,2905.84250831749,-1421.17505024957,2842.35010049913,11.0556107566046,0.0105974867228004,0.453772251477293,2.94460094021609,8.49989415158964,9,9,18,0,0.994304841574467,TRUE,9,"ST5",2852.64596242569,2892.5201051691,-1415.6699999722,2831.33999994439,10.6529812406474,0.393764852750841,0.725714399932805,3.34740292961933,8.49980791486662,9,9,18,0,0.99768603514236,FALSE,20,"TF",2893.24965191069,2930.98940384008,-1436.54207955206,2873.08415910411,10.0827464032896,6.68906051377027e-07,0.150701159753647,2.91757857297318,8.49983751186862,10,9,19,0,0.982385298873041,TRUE,12,"PE",2901.59100106066,2941.81447027621,-1440.04919143112,2880.09838286224,10.7463090992137,3.79256910409089e-07,0.0646086814916978,2.25398770482072,8.49985159798281,10,9,19,0,0.981137177530117,FALSE,20,"PE2",2901.52197875356,2942.29238074277,-1439.86855890223,2879.73711780447,10.8924304745437,3.25173703435327e-07,0.0671506586197301,2.10787282105049,8.4998483522029,9,10,19,0,0.980862187384025,FALSE,20
"BCCG","mu must be positive 
 ","ZIBNB",2841.92921198981,2864.39200922439,-1414.96332945105,2829.9266589021,6.00127654385481,0.559876243426592,0.593718376315065,0.555222063187759,0.275807072267112,0.793420305079045,0.807321315069419,0.904610717158049,0,0.997994578580057,TRUE,13,"LNO",2837.19709764731,2856.43187298276,-1413.45968722768,2826.91937445536,5.1388615959748,0.988967057379655,0.950884992260733,0.513895974737215,0.204554379324037,0.980141057709162,0.920292376561824,0.994285553675761,0,0.999277702492013,TRUE,5,"NOF",2928.31856173214,2963.56427825659,-1454.74285380043,2909.48570760087,9.41642706563525,8.28589162765097e-12,0.0140820893777617,0.156972782327241,0.0019768507270686,1.39297046935114e-08,0.0123932465333393,5.45348276339427e-09,0,0.958705188398935,FALSE,20,"BCPE",2843.60947881879,2885.37015972026,-1410.64774092286,2821.29548184573,11.1569984865306,0.996998232493233,0.999775297223669,0.052355932188727,0.215164677697818,0.989817733358502,0.901690483104972,0.99511296277751,0,0.99944881264805,TRUE,10,"NET",2893.43754046093,2927.16304148871,-1437.70849176273,2875.41698352546,9.01027846773436,1.50745541759836e-06,0.160070709096634,0.0288838943944678,0.724402214305079,0.0880572246060503,0.470552836843787,0.162881183814012,0,0.983897175146905,TRUE,6,"BNB",2839.92921198981,2858.64900603658,-1414.96332945105,2829.9266589021,5.00127654385481,0.51162545829833,0.735551866102975,0.531982306056979,0.238428872704404,0.78679787486836,0.832404800502051,0.912875209686463,0,0.997885860361277,TRUE,13,"BCT",2843.73685604478,2885.40270244886,-1410.73676600838,2821.47353201675,11.1316620140148,0.996100726959398,0.997653869926807,0.0550128591392573,0.205073501175318,0.989871864999287,0.919775514290987,0.99633720118014,0,0.999425746148709,TRUE,13,"GB2",2845.27191119264,2869.93691005262,-1416.04632752966,2832.09265505932,6.58962806665776,0.677468028866157,0.965807816571377,0.505375575425724,0.524608336834038,0.98147243138321,0.656492443648595,0.952596545367642,0,0.998458479663657,FALSE,20,"GG",2839.20741617799,2861.41356874011,-1413.670998057,2827.34199611399,5.93271003199928,0.993442187935184,0.91778085921527,0.527230905126426,0.207127697835277,0.964398269421668,0.919579150278586,0.990732237235529,0,0.9993406847982,TRUE,13,"GT",2892.11531555805,2932.05150615172,-1435.38809951529,2870.77619903058,10.6695582637334,5.46223359613779e-07,0.279626989705258,0.0618207066806554,0.533046706978601,0.00323265101926575,0.915500615028211,0.0520368281326424,0,0.982161632893829,FALSE,20,"JSU",2847.83562587832,2889.06972160616,-1412.90149965839,2825.80299931678,11.0163132807706,0.985538895170243,0.997635490371275,0.0545879067470805,0.242320446985181,0.975704120881937,0.84123262486087,0.984039457632578,0,0.998981576561213,FALSE,20,"SEP1",2852.76055823117,2893.79885252671,-1415.41627715342,2830.83255430684,10.9640019621653,0.416620563710005,0.979227603624171,0.0529153231974633,0.22211757482847,0.791894359873879,0.56462457572536,0.781579124882787,0,0.997369751843728,FALSE,20,"SEP2",2858.52419491384,2901.63581559428,-1417.74417494463,2835.48834988926,11.5179225122888,0.0694541771564253,0.751965896790996,0.0215025557366748,0.366182763133334,0.608629874248989,0.216576840826845,0.378622169755002,0,0.995712523395155,FALSE,20,"SEP3",2850.76007454196,2902.00736993369,-1411.68854602175,2823.3770920435,13.6914912492283,0.582341130920304,0.833352838635561,0.0800624257968498,0.0438838104364393,0.784306882938915,0.803921209262123,0.899200586554332,0,0.997656409209772,FALSE,20,"SEP4","NA's in the working vector or weights for parameter sigma
","SHASH",2852.01360569511,2893.9926358847,-1414.79146904119,2829.58293808237,11.2153338063689,0.604767641777055,0.860803188641533,0.0325159610249413,0.252166920393798,0.923367496455866,0.452669730525068,0.812140006734029,0,0.997749144158142,FALSE,20,"SHASHo",2852.43893354316,2894.1807736308,-1415.06750189387,2830.13500378773,11.151964877717,0.408180828130605,0.950136691585632,0.041375773690561,0.154287386536328,0.80489306358261,0.510340695803984,0.756949692653661,0,0.997162511851637,FALSE,20,"ST1",2853.99108544515,2894.60877085848,-1416.1439127946,2832.28782558921,10.8516299279723,0.274204634431293,0.663228499262003,0.0479829375532585,0.544511542718705,0.955580712449994,0.437294289300715,0.836452362752399,0,0.997309642512044,FALSE,20,"ST2",2848.99424406375,2889.01796440867,-1413.80417886921,2827.60835773842,10.6929431626653,0.893995408107418,0.982853179616271,0.0592768587222777,0.371617017471448,0.968301161758045,0.79892641146716,0.974052915023911,0,0.998754219611,FALSE,20,"ST3",2917.70290532805,2948.55355983606,-1450.60923299174,2901.21846598348,8.24221967228821,0.0513300375055095,0.0888194333180929,0.696832497566916,0.0499884586494956,0.110402663525168,0.221838612421733,0.0952456652618078,0,0.995294692135623,FALSE,20,"ST4",2864.46132201234,2905.84250831749,-1421.17505024957,2842.35010049913,11.0556107566046,0.0105974867228004,0.453772251477293,0.0481007782101931,0.716417558543069,0.886136696533647,0.163103539509065,0.499220667588196,0,0.994304841574467,TRUE,9,"ST5",2852.64596242569,2892.5201051691,-1415.6699999722,2831.33999994439,10.6529812406474,0.393764852750841,0.725714399932805,0.0648123921657094,0.540495720707824,0.983622042737264,0.501784274681564,0.905946816356734,0,0.99768603514236,FALSE,20,"TF",2893.24965191069,2930.98940384008,-1436.54207955206,2873.08415910411,10.0827464032896,6.68906051377027e-07,0.150701159753647,0.0187379822284278,0.530594079042257,0.0103136499931334,0.65348186872378,0.0522790062373431,0,0.982385298873041,TRUE,12,"PE",2901.59100106066,2941.81447027621,-1440.04919143112,2880.09838286224,10.7463090992137,3.79256910409089e-07,0.0646086814916978,0.00245775805469139,0.310422207548364,0.00741654910194645,0.103642317325504,0.00492453324272597,0,0.981137177530117,FALSE,20,"PE2",2901.52197875356,2942.29238074277,-1439.86855890223,2879.73711780447,10.8924304745437,3.25173703435327e-07,0.0671506586197301,0.00233538316563588,0.273896945954578,0.00314675828778102,0.175687115810161,0.00470588672528803,0,0.980862187384025,FALSE,20
